{
    "agent_performance": {
        "avg_agent_run_length": 3.4444444444444446,
        "completion_rate": 0.6111111111111112,
        "truncation_rate": 0.05555555555555555,
        "termination_rate": 0.9444444444444444,
        "perf_str": "Total=18, Success=11, Truncated=1, Terminated=17"
    },
    "actionic_performance": {
        "scenario_followed": {
            "all_trajectories": 0.5555555555555556,
            "successful_trajectories": 0.9090909090909091
        },
        "action_stats": {
            "all_trajectories": {
                "FINAL": {
                    "mean": 0.9444444444444444,
                    "std": 0.2290614236454256
                },
                "RETRIEVE": {
                    "mean": 1.0,
                    "std": 0.5773502691896257
                },
                "API": {
                    "mean": 1.0,
                    "std": 0.5773502691896257
                },
                "OTHER": {
                    "mean": 0.5,
                    "std": 2.0615528128088303
                }
            },
            "successful_trajectories": {
                "FINAL": {
                    "mean": 1.0,
                    "std": 0.0
                },
                "RETRIEVE": {
                    "mean": 0.9090909090909091,
                    "std": 0.28747978728803447
                },
                "API": {
                    "mean": 1.0,
                    "std": 0.0
                },
                "OTHER": {
                    "mean": 0.0,
                    "std": 0.0
                }
            }
        }
    },
    "expert_assistance": {
        "avg_first_help_timestep": null,
        "avg_total_helps": 0.0,
        "avg_non_help_stretch": 3.4444444444444446
    },
    "error_recovery": {
        "all_trajectories": {
            "num_recoveries": 3,
            "steps_taken": {
                "mean": 3.3333333333333335,
                "std": 3.2998316455372216
            }
        },
        "successful_trajectories": {
            "num_recoveries": 0,
            "steps_taken": {
                "mean": NaN,
                "std": NaN
            }
        }
    }
}