{
    "agent_performance": {
        "avg_agent_run_length": 8.80952380952381,
        "completion_rate": 0.1111111111111111,
        "truncation_rate": 0.8253968253968254,
        "termination_rate": 0.1746031746031746,
        "perf_str": "Total=63, Success=7, Truncated=52, Terminated=11"
    },
    "actionic_performance": {
        "api_before_rag": {
            "scenario_followed": {
                "all_trajectories": 0.5,
                "successful_trajectories": 1.0
            },
            "action_stats": {
                "all_trajectories": {
                    "API": {
                        "mean": 5.166666666666667,
                        "std": 4.349329450233296
                    },
                    "RETRIEVE": {
                        "mean": 1.3888888888888888,
                        "std": 2.7312774562848565
                    },
                    "FINAL": {
                        "mean": 0.4444444444444444,
                        "std": 0.4969039949999533
                    },
                    "OTHER": {
                        "mean": 0.0,
                        "std": 0.0
                    }
                },
                "successful_trajectories": {
                    "API": {
                        "mean": 1.6,
                        "std": 0.8
                    },
                    "RETRIEVE": {
                        "mean": 1.0,
                        "std": 0.0
                    },
                    "FINAL": {
                        "mean": 1.0,
                        "std": 0.0
                    },
                    "OTHER": {
                        "mean": 0.0,
                        "std": 0.0
                    }
                }
            }
        },
        "rag_before_api": {
            "scenario_followed": {
                "all_trajectories": 0.06666666666666667,
                "successful_trajectories": 1.0
            },
            "action_stats": {
                "all_trajectories": {
                    "API": {
                        "mean": 2.2666666666666666,
                        "std": 4.090096440047457
                    },
                    "RETRIEVE": {
                        "mean": 7.2,
                        "std": 4.4
                    },
                    "FINAL": {
                        "mean": 0.06666666666666667,
                        "std": 0.2494438257849294
                    },
                    "OTHER": {
                        "mean": 0.0,
                        "std": 0.0
                    }
                },
                "successful_trajectories": {
                    "API": {
                        "mean": 1.0,
                        "std": 0.0
                    },
                    "RETRIEVE": {
                        "mean": 1.0,
                        "std": 0.0
                    },
                    "FINAL": {
                        "mean": 1.0,
                        "std": 0.0
                    },
                    "OTHER": {
                        "mean": 0.0,
                        "std": 0.0
                    }
                }
            }
        }
    },
    "expert_assistance": {
        "avg_first_help_timestep": null,
        "avg_total_helps": 0.0,
        "avg_non_help_stretch": 8.80952380952381
    },
    "error_recovery": {
        "all_trajectories": {
            "num_recoveries": 18,
            "steps_taken": {
                "mean": 3.9444444444444446,
                "std": 3.718903993595458
            }
        },
        "successful_trajectories": {
            "num_recoveries": 2,
            "steps_taken": {
                "mean": 1.0,
                "std": 0.0
            }
        }
    }
}