{
    "agent_performance": {
        "avg_agent_run_length": 3.888888888888889,
        "completion_rate": 0.16666666666666666,
        "truncation_rate": 0.1111111111111111,
        "termination_rate": 0.8888888888888888,
        "perf_str": "Total=18, Success=3, Truncated=2, Terminated=16"
    },
    "actionic_performance": {
        "scenario_followed": {
            "all_trajectories": 0.2777777777777778,
            "successful_trajectories": 1.0
        },
        "action_stats": {
            "all_trajectories": {
                "RETRIEVE": {
                    "mean": 0.3888888888888889,
                    "std": 0.4874980215217846
                },
                "API": {
                    "mean": 1.8333333333333333,
                    "std": 1.1666666666666667
                },
                "FINAL": {
                    "mean": 0.8888888888888888,
                    "std": 0.3142696805273545
                },
                "OTHER": {
                    "mean": 0.7777777777777778,
                    "std": 2.0427529234278037
                }
            },
            "successful_trajectories": {
                "RETRIEVE": {
                    "mean": 1.0,
                    "std": 0.0
                },
                "API": {
                    "mean": 1.3333333333333333,
                    "std": 0.4714045207910317
                },
                "FINAL": {
                    "mean": 1.0,
                    "std": 0.0
                },
                "OTHER": {
                    "mean": 0.0,
                    "std": 0.0
                }
            }
        }
    },
    "expert_assistance": {
        "avg_first_help_timestep": null,
        "avg_total_helps": 0.0,
        "avg_non_help_stretch": 3.888888888888889
    },
    "error_recovery": {
        "all_trajectories": {
            "num_recoveries": 15,
            "steps_taken": {
                "mean": 1.4666666666666666,
                "std": 0.6182412330330469
            }
        },
        "successful_trajectories": {
            "num_recoveries": 1,
            "steps_taken": {
                "mean": 1.0,
                "std": 0.0
            }
        }
    }
}