{
    "agent_performance": {
        "avg_agent_run_length": 3.8412698412698414,
        "completion_rate": 0.4126984126984127,
        "truncation_rate": 0.047619047619047616,
        "termination_rate": 0.9523809523809523,
        "perf_str": "Total=63, Success=26, Truncated=3, Terminated=60"
    },
    "actionic_performance": {
        "api_before_rag": {
            "scenario_followed": {
                "all_trajectories": 0.5,
                "successful_trajectories": 0.8888888888888888
            },
            "action_stats": {
                "all_trajectories": {
                    "FINAL": {
                        "mean": 0.9444444444444444,
                        "std": 0.2290614236454256
                    },
                    "API": {
                        "mean": 1.7222222222222223,
                        "std": 2.076470176781196
                    },
                    "RETRIEVE": {
                        "mean": 1.1111111111111112,
                        "std": 0.5665577237325317
                    },
                    "OTHER": {
                        "mean": 0.0,
                        "std": 0.0
                    }
                },
                "successful_trajectories": {
                    "FINAL": {
                        "mean": 1.0,
                        "std": 0.0
                    },
                    "API": {
                        "mean": 1.2222222222222223,
                        "std": 0.41573970964154905
                    },
                    "RETRIEVE": {
                        "mean": 1.1111111111111112,
                        "std": 0.3142696805273545
                    },
                    "OTHER": {
                        "mean": 0.0,
                        "std": 0.0
                    }
                }
            }
        },
        "rag_before_api": {
            "scenario_followed": {
                "all_trajectories": 0.7111111111111111,
                "successful_trajectories": 1.0
            },
            "action_stats": {
                "all_trajectories": {
                    "FINAL": {
                        "mean": 0.9555555555555556,
                        "std": 0.20608041101101562
                    },
                    "API": {
                        "mean": 1.4222222222222223,
                        "std": 0.8816370855501053
                    },
                    "RETRIEVE": {
                        "mean": 1.288888888888889,
                        "std": 0.6539528430916517
                    },
                    "OTHER": {
                        "mean": 0.2,
                        "std": 0.9797958971132712
                    }
                },
                "successful_trajectories": {
                    "FINAL": {
                        "mean": 1.0,
                        "std": 0.0
                    },
                    "API": {
                        "mean": 1.1176470588235294,
                        "std": 0.32218973970892123
                    },
                    "RETRIEVE": {
                        "mean": 1.0,
                        "std": 0.0
                    },
                    "OTHER": {
                        "mean": 0.0,
                        "std": 0.0
                    }
                }
            }
        }
    },
    "expert_assistance": {
        "avg_first_help_timestep": null,
        "avg_total_helps": 0.0,
        "avg_non_help_stretch": 3.8412698412698414
    },
    "error_recovery": {
        "all_trajectories": {
            "num_recoveries": 30,
            "steps_taken": {
                "mean": 1.4,
                "std": 1.4742229591663987
            }
        },
        "successful_trajectories": {
            "num_recoveries": 3,
            "steps_taken": {
                "mean": 1.0,
                "std": 0.0
            }
        }
    }
}