{
    "avg_first_help_timestep": null,
    "avg_total_helps": 0.0,
    "avg_run_length": 3.3260869565217392,
    "avg_non_help_stretch": 3.3260869565217392
}