{
    "agent_performance": {
        "avg_agent_run_length": 4.158730158730159,
        "completion_rate": 0.38095238095238093,
        "truncation_rate": 0.1111111111111111,
        "termination_rate": 0.8888888888888888,
        "perf_str": "Total=63, Success=24, Truncated=7, Terminated=56"
    },
    "actionic_performance": {
        "api_before_rag": {
            "scenario_followed": {
                "all_trajectories": 0.5,
                "successful_trajectories": 0.8571428571428571
            },
            "action_stats": {
                "all_trajectories": {
                    "API": {
                        "mean": 1.7777777777777777,
                        "std": 2.322727217818541
                    },
                    "RETRIEVE": {
                        "mean": 1.1111111111111112,
                        "std": 0.87488976377909
                    },
                    "FINAL": {
                        "mean": 0.8333333333333334,
                        "std": 0.37267799624996495
                    },
                    "OTHER": {
                        "mean": 0.5,
                        "std": 2.0615528128088303
                    }
                },
                "successful_trajectories": {
                    "API": {
                        "mean": 0.8571428571428571,
                        "std": 0.3499271061118826
                    },
                    "RETRIEVE": {
                        "mean": 1.0,
                        "std": 0.0
                    },
                    "FINAL": {
                        "mean": 1.0,
                        "std": 0.0
                    },
                    "OTHER": {
                        "mean": 0.0,
                        "std": 0.0
                    }
                }
            }
        },
        "rag_before_api": {
            "scenario_followed": {
                "all_trajectories": 0.7555555555555555,
                "successful_trajectories": 0.9411764705882353
            },
            "action_stats": {
                "all_trajectories": {
                    "API": {
                        "mean": 1.7777777777777777,
                        "std": 1.7624337830131867
                    },
                    "RETRIEVE": {
                        "mean": 1.2222222222222223,
                        "std": 0.6956655929999346
                    },
                    "FINAL": {
                        "mean": 0.9111111111111111,
                        "std": 0.28458329944145994
                    },
                    "OTHER": {
                        "mean": 0.2222222222222222,
                        "std": 1.0726683009908593
                    }
                },
                "successful_trajectories": {
                    "API": {
                        "mean": 1.0,
                        "std": 0.0
                    },
                    "RETRIEVE": {
                        "mean": 0.9411764705882353,
                        "std": 0.23529411764705885
                    },
                    "FINAL": {
                        "mean": 1.0,
                        "std": 0.0
                    },
                    "OTHER": {
                        "mean": 0.0,
                        "std": 0.0
                    }
                }
            }
        }
    },
    "expert_assistance": {
        "avg_first_help_timestep": null,
        "avg_total_helps": 0.0,
        "avg_non_help_stretch": 4.158730158730159
    },
    "error_recovery": {
        "all_trajectories": {
            "num_recoveries": 23,
            "steps_taken": {
                "mean": 2.4347826086956523,
                "std": 2.550806981543066
            }
        },
        "successful_trajectories": {
            "num_recoveries": 0,
            "steps_taken": {
                "mean": NaN,
                "std": NaN
            }
        }
    }
}