{
    "agent_performance": {
        "avg_agent_run_length": 9.571428571428571,
        "completion_rate": 0.031746031746031744,
        "truncation_rate": 0.9365079365079365,
        "termination_rate": 0.06349206349206349,
        "perf_str": "Total=63, Success=2, Truncated=59, Terminated=4"
    },
    "actionic_performance": {
        "api_before_rag": {
            "scenario_followed": {
                "all_trajectories": 0.3333333333333333,
                "successful_trajectories": NaN
            },
            "action_stats": {
                "all_trajectories": {
                    "FINAL": {
                        "mean": 0.0,
                        "std": 0.0
                    },
                    "API": {
                        "mean": 7.0,
                        "std": 4.242640687119285
                    },
                    "RETRIEVE": {
                        "mean": 3.0,
                        "std": 4.242640687119285
                    },
                    "OTHER": {
                        "mean": 0.0,
                        "std": 0.0
                    }
                },
                "successful_trajectories": {}
            }
        },
        "rag_before_api": {
            "scenario_followed": {
                "all_trajectories": 0.06666666666666667,
                "successful_trajectories": 1.0
            },
            "action_stats": {
                "all_trajectories": {
                    "FINAL": {
                        "mean": 0.08888888888888889,
                        "std": 0.2845832994414599
                    },
                    "API": {
                        "mean": 1.711111111111111,
                        "std": 3.593959266585606
                    },
                    "RETRIEVE": {
                        "mean": 7.155555555555556,
                        "std": 4.4219430397635815
                    },
                    "OTHER": {
                        "mean": 0.4444444444444444,
                        "std": 2.060804110110156
                    }
                },
                "successful_trajectories": {
                    "FINAL": {
                        "mean": 1.0,
                        "std": 0.0
                    },
                    "API": {
                        "mean": 1.0,
                        "std": 0.0
                    },
                    "RETRIEVE": {
                        "mean": 1.0,
                        "std": 0.0
                    },
                    "OTHER": {
                        "mean": 0.0,
                        "std": 0.0
                    }
                }
            }
        }
    },
    "expert_assistance": {
        "avg_first_help_timestep": null,
        "avg_total_helps": 0.0,
        "avg_non_help_stretch": 9.571428571428571
    },
    "error_recovery": {
        "all_trajectories": {
            "num_recoveries": 13,
            "steps_taken": {
                "mean": 8.23076923076923,
                "std": 2.117830753528647
            }
        },
        "successful_trajectories": {
            "num_recoveries": 0,
            "steps_taken": {
                "mean": NaN,
                "std": NaN
            }
        }
    }
}