{
    "avg_first_help_timestep": null,
    "avg_total_helps": 0.0,
    "avg_run_length": 3.2049180327868854,
    "avg_non_help_stretch": 3.2049180327868854
}