{
    "agent_performance": {
        "avg_agent_run_length": 3.4603174603174605,
        "completion_rate": 0.3492063492063492,
        "truncation_rate": 0.015873015873015872,
        "termination_rate": 0.9841269841269841,
        "perf_str": "Total=63, Success=22, Truncated=1, Terminated=62"
    },
    "actionic_performance": {
        "both_api_rag-api_before_rag": {
            "scenario_followed": {
                "all_trajectories": 0.3888888888888889,
                "successful_trajectories": 0.5
            },
            "action_stats": {
                "all_trajectories": {
                    "FINAL": {
                        "mean": 1.0,
                        "std": 0.0
                    },
                    "API": {
                        "mean": 1.1111111111111112,
                        "std": 0.6573421981221795
                    },
                    "RETRIEVE": {
                        "mean": 1.2222222222222223,
                        "std": 0.7114582486036499
                    },
                    "OTHER": {
                        "mean": 0.0,
                        "std": 0.0
                    }
                },
                "successful_trajectories": {
                    "FINAL": {
                        "mean": 1.0,
                        "std": 0.0
                    },
                    "API": {
                        "mean": 1.0,
                        "std": 0.0
                    },
                    "RETRIEVE": {
                        "mean": 1.25,
                        "std": 0.4330127018922193
                    },
                    "OTHER": {
                        "mean": 0.0,
                        "std": 0.0
                    }
                }
            }
        },
        "both_api_rag-rag_before_api": {
            "scenario_followed": {
                "all_trajectories": 0.6888888888888889,
                "successful_trajectories": 0.8333333333333334
            },
            "action_stats": {
                "all_trajectories": {
                    "FINAL": {
                        "mean": 0.9777777777777777,
                        "std": 0.14740554623801777
                    },
                    "API": {
                        "mean": 1.1777777777777778,
                        "std": 0.48483164953936503
                    },
                    "RETRIEVE": {
                        "mean": 1.2,
                        "std": 0.5416025603090641
                    },
                    "OTHER": {
                        "mean": 0.15555555555555556,
                        "std": 1.0318388236661244
                    }
                },
                "successful_trajectories": {
                    "FINAL": {
                        "mean": 1.0,
                        "std": 0.0
                    },
                    "API": {
                        "mean": 1.1111111111111112,
                        "std": 0.3142696805273545
                    },
                    "RETRIEVE": {
                        "mean": 0.9444444444444444,
                        "std": 0.4044505494044732
                    },
                    "OTHER": {
                        "mean": 0.0,
                        "std": 0.0
                    }
                }
            }
        }
    },
    "expert_assistance": {
        "avg_first_help_timestep": null,
        "avg_total_helps": 0.0,
        "avg_non_help_stretch": 3.4603174603174605
    },
    "error_recovery": {
        "all_trajectories": {
            "num_recoveries": 17,
            "steps_taken": {
                "mean": 1.2352941176470589,
                "std": 0.9411764705882354
            }
        },
        "successful_trajectories": {
            "num_recoveries": 2,
            "steps_taken": {
                "mean": 1.0,
                "std": 0.0
            }
        }
    }
}