{
    "agent_performance": {
        "avg_agent_run_length": 8.476190476190476,
        "completion_rate": 0.0,
        "truncation_rate": 0.7619047619047619,
        "termination_rate": 0.23809523809523808,
        "perf_str": "Total=63, Success=0, Truncated=48, Terminated=15"
    },
    "actionic_performance": {
        "both_api_rag-api_before_rag": {
            "scenario_followed": {
                "all_trajectories": 0.0,
                "successful_trajectories": NaN
            },
            "action_stats": {
                "all_trajectories": {
                    "FINAL": {
                        "mean": 0.3333333333333333,
                        "std": 0.4714045207910317
                    },
                    "RETRIEVE": {
                        "mean": 0.05555555555555555,
                        "std": 0.2290614236454256
                    },
                    "API": {
                        "mean": 0.5555555555555556,
                        "std": 0.4969039949999533
                    },
                    "OTHER": {
                        "mean": 7.166666666666667,
                        "std": 3.484090826727812
                    }
                },
                "successful_trajectories": {}
            }
        },
        "both_api_rag-rag_before_api": {
            "scenario_followed": {
                "all_trajectories": 0.0,
                "successful_trajectories": NaN
            },
            "action_stats": {
                "all_trajectories": {
                    "FINAL": {
                        "mean": 0.2,
                        "std": 0.4
                    },
                    "RETRIEVE": {
                        "mean": 0.022222222222222223,
                        "std": 0.14740554623801777
                    },
                    "API": {
                        "mean": 0.06666666666666667,
                        "std": 0.24944382578492943
                    },
                    "OTHER": {
                        "mean": 8.333333333333334,
                        "std": 3.2591750830880843
                    }
                },
                "successful_trajectories": {}
            }
        }
    },
    "expert_assistance": {
        "avg_first_help_timestep": null,
        "avg_total_helps": 0.0,
        "avg_non_help_stretch": 8.476190476190476
    },
    "error_recovery": {
        "all_trajectories": {
            "num_recoveries": 64,
            "steps_taken": {
                "mean": 7.234375,
                "std": 3.0142483904573956
            }
        },
        "successful_trajectories": {
            "num_recoveries": 0,
            "steps_taken": {
                "mean": NaN,
                "std": NaN
            }
        }
    }
}