{
    "agent_performance": {
        "avg_agent_run_length": 4.891304347826087,
        "completion_rate": 0.8695652173913043,
        "truncation_rate": 0.0,
        "termination_rate": 1.0,
        "perf_str": "Total=46, Success=40, Truncated=0, Terminated=46"
    },
    "actionic_performance": {
        "scenario_avg": {
            "all": 0.6086956521739131,
            "successful": 0.675
        },
        "action_stats": {
            "all": {
                "RETRIEVE": {
                    "mean": 1.108695652173913,
                    "std": 0.8136942292266478
                },
                "API": {
                    "mean": 2.5869565217391304,
                    "std": 1.4076821367445282
                },
                "FINAL": {
                    "mean": 1.0,
                    "std": 0.0
                },
                "OTHER": {
                    "mean": 0.1956521739130435,
                    "std": 0.5364766382283942
                }
            },
            "successful": {
                "RETRIEVE": {
                    "mean": 1.25,
                    "std": 0.7664854858377946
                },
                "API": {
                    "mean": 2.775,
                    "std": 1.3690781570093067
                },
                "FINAL": {
                    "mean": 1.0,
                    "std": 0.0
                },
                "OTHER": {
                    "mean": 0.225,
                    "std": 0.5695392874947259
                }
            }
        }
    },
    "expert_assistance": {
        "avg_first_help_timestep": 2.289473684210526,
        "avg_total_helps": 1.4130434782608696,
        "avg_non_help_stretch": 1.797752808988764
    },
    "error_recovery": {
        "recovery_steps": {
            "all": {
                "mean": 1.4333333333333333,
                "std": 0.4955356249106168,
                "count": 30
            },
            "successful": {
                "mean": 1.4285714285714286,
                "std": 0.49487165930539356,
                "count": 28
            }
        }
    }
}