{
    "agent_performance": {
        "avg_agent_run_length": 5.222222222222222,
        "completion_rate": 0.4444444444444444,
        "truncation_rate": 0.2,
        "termination_rate": 0.8,
        "perf_str": "Total=45, Success=20, Truncated=9, Terminated=36"
    },
    "actionic_performance": {
        "scenario_followed": {
            "all_trajectories": 0.7555555555555555,
            "successful_trajectories": 0.95
        },
        "action_stats": {
            "all_trajectories": {
                "FINAL": {
                    "mean": 0.8,
                    "std": 0.4
                },
                "RETRIEVE": {
                    "mean": 1.2666666666666666,
                    "std": 0.6798692684790381
                },
                "API": {
                    "mean": 2.577777777777778,
                    "std": 2.205940352662821
                },
                "OTHER": {
                    "mean": 0.5777777777777777,
                    "std": 1.6122984130859606
                }
            },
            "successful_trajectories": {
                "FINAL": {
                    "mean": 1.0,
                    "std": 0.0
                },
                "RETRIEVE": {
                    "mean": 1.05,
                    "std": 0.21794494717703367
                },
                "API": {
                    "mean": 1.25,
                    "std": 0.5361902647381804
                },
                "OTHER": {
                    "mean": 0.0,
                    "std": 0.0
                }
            }
        }
    },
    "expert_assistance": {
        "avg_first_help_timestep": null,
        "avg_total_helps": 0.0,
        "avg_non_help_stretch": 5.222222222222222
    },
    "error_recovery": {
        "all_trajectories": {
            "num_recoveries": 26,
            "steps_taken": {
                "mean": 1.8076923076923077,
                "std": 1.330680299385092
            }
        },
        "successful_trajectories": {
            "num_recoveries": 1,
            "steps_taken": {
                "mean": 1.0,
                "std": 0.0
            }
        }
    }
}