{
    "agent_performance": {
        "avg_agent_run_length": 3.5555555555555554,
        "completion_rate": 0.2222222222222222,
        "truncation_rate": 0.1111111111111111,
        "termination_rate": 0.8888888888888888,
        "perf_str": "Total=45, Success=10, Truncated=5, Terminated=40"
    },
    "actionic_performance": {
        "scenario_followed": {
            "all_trajectories": 0.06666666666666667,
            "successful_trajectories": 0.1
        },
        "action_stats": {
            "all_trajectories": {
                "FINAL": {
                    "mean": 0.8888888888888888,
                    "std": 0.3142696805273545
                },
                "RETRIEVE": {
                    "mean": 0.24444444444444444,
                    "std": 0.42975732457363813
                },
                "API": {
                    "mean": 1.6444444444444444,
                    "std": 1.5225060562631683
                },
                "OTHER": {
                    "mean": 0.7777777777777778,
                    "std": 1.8121673811444543
                }
            },
            "successful_trajectories": {
                "FINAL": {
                    "mean": 1.0,
                    "std": 0.0
                },
                "RETRIEVE": {
                    "mean": 0.2,
                    "std": 0.4000000000000001
                },
                "API": {
                    "mean": 1.1,
                    "std": 0.3
                },
                "OTHER": {
                    "mean": 0.0,
                    "std": 0.0
                }
            }
        }
    },
    "expert_assistance": {
        "avg_first_help_timestep": null,
        "avg_total_helps": 0.0,
        "avg_non_help_stretch": 3.5555555555555554
    },
    "error_recovery": {
        "all_trajectories": {
            "num_recoveries": 24,
            "steps_taken": {
                "mean": 1.7083333333333333,
                "std": 1.7435396627423065
            }
        },
        "successful_trajectories": {
            "num_recoveries": 1,
            "steps_taken": {
                "mean": 1.0,
                "std": 0.0
            }
        }
    }
}