{
    "agent_performance": {
        "avg_agent_run_length": 3.8666666666666667,
        "completion_rate": 0.37777777777777777,
        "truncation_rate": 0.044444444444444446,
        "termination_rate": 0.9555555555555556,
        "perf_str": "Total=45, Success=17, Truncated=2, Terminated=43"
    },
    "actionic_performance": {
        "scenario_followed": {
            "all_trajectories": 0.7111111111111111,
            "successful_trajectories": 1.0
        },
        "action_stats": {
            "all_trajectories": {
                "FINAL": {
                    "mean": 0.9555555555555556,
                    "std": 0.20608041101101562
                },
                "RETRIEVE": {
                    "mean": 1.288888888888889,
                    "std": 0.6539528430916517
                },
                "API": {
                    "mean": 1.4222222222222223,
                    "std": 0.8816370855501053
                },
                "OTHER": {
                    "mean": 0.2,
                    "std": 0.9797958971132712
                }
            },
            "successful_trajectories": {
                "FINAL": {
                    "mean": 1.0,
                    "std": 0.0
                },
                "RETRIEVE": {
                    "mean": 1.0,
                    "std": 0.0
                },
                "API": {
                    "mean": 1.1176470588235294,
                    "std": 0.32218973970892123
                },
                "OTHER": {
                    "mean": 0.0,
                    "std": 0.0
                }
            }
        }
    },
    "expert_assistance": {
        "avg_first_help_timestep": null,
        "avg_total_helps": 0.0,
        "avg_non_help_stretch": 3.8666666666666667
    },
    "error_recovery": {
        "all_trajectories": {
            "num_recoveries": 21,
            "steps_taken": {
                "mean": 1.5714285714285714,
                "std": 1.7340134720031546
            }
        },
        "successful_trajectories": {
            "num_recoveries": 0,
            "steps_taken": {
                "mean": NaN,
                "std": NaN
            }
        }
    }
}