{
    "agent_performance": {
        "avg_agent_run_length": 4.714285714285714,
        "completion_rate": 0.49206349206349204,
        "truncation_rate": 0.15873015873015872,
        "termination_rate": 0.8412698412698413,
        "perf_str": "Total=63, Success=31, Truncated=10, Terminated=53"
    },
    "actionic_performance": {
        "api_before_rag": {
            "scenario_followed": {
                "all_trajectories": 0.5555555555555556,
                "successful_trajectories": 0.9090909090909091
            },
            "action_stats": {
                "all_trajectories": {
                    "RETRIEVE": {
                        "mean": 1.0,
                        "std": 0.5773502691896257
                    },
                    "API": {
                        "mean": 1.0,
                        "std": 0.5773502691896257
                    },
                    "FINAL": {
                        "mean": 0.9444444444444444,
                        "std": 0.2290614236454256
                    },
                    "OTHER": {
                        "mean": 0.5,
                        "std": 2.0615528128088303
                    }
                },
                "successful_trajectories": {
                    "RETRIEVE": {
                        "mean": 0.9090909090909091,
                        "std": 0.28747978728803447
                    },
                    "API": {
                        "mean": 1.0,
                        "std": 0.0
                    },
                    "FINAL": {
                        "mean": 1.0,
                        "std": 0.0
                    },
                    "OTHER": {
                        "mean": 0.0,
                        "std": 0.0
                    }
                }
            }
        },
        "rag_before_api": {
            "scenario_followed": {
                "all_trajectories": 0.7555555555555555,
                "successful_trajectories": 0.95
            },
            "action_stats": {
                "all_trajectories": {
                    "RETRIEVE": {
                        "mean": 1.2666666666666666,
                        "std": 0.6798692684790381
                    },
                    "API": {
                        "mean": 2.577777777777778,
                        "std": 2.205940352662821
                    },
                    "FINAL": {
                        "mean": 0.8,
                        "std": 0.4
                    },
                    "OTHER": {
                        "mean": 0.5777777777777777,
                        "std": 1.6122984130859606
                    }
                },
                "successful_trajectories": {
                    "RETRIEVE": {
                        "mean": 1.05,
                        "std": 0.21794494717703367
                    },
                    "API": {
                        "mean": 1.25,
                        "std": 0.5361902647381804
                    },
                    "FINAL": {
                        "mean": 1.0,
                        "std": 0.0
                    },
                    "OTHER": {
                        "mean": 0.0,
                        "std": 0.0
                    }
                }
            }
        }
    },
    "expert_assistance": {
        "avg_first_help_timestep": null,
        "avg_total_helps": 0.0,
        "avg_non_help_stretch": 4.714285714285714
    },
    "error_recovery": {
        "all_trajectories": {
            "num_recoveries": 29,
            "steps_taken": {
                "mean": 1.9655172413793103,
                "std": 1.7116791235849458
            }
        },
        "successful_trajectories": {
            "num_recoveries": 1,
            "steps_taken": {
                "mean": 1.0,
                "std": 0.0
            }
        }
    }
}